No,Business Name,Business Category,Address,Phone Number,Email,Website URL
1,Olive Tree Dental,Dental clinic,"lime square, 250 S Oak Way, Reading RG2 6UG, United Kingdom",+44 118 975 7015,Email Not Found,olivetreedental.co.uk
2,The Elms Dental Practice,Dental clinic,"256 Norcot Rd, Reading RG30 6AD, United Kingdom",+44 118 942 7951,Email Not Found,elmsdental.co.uk
3,Perfect Smile - Reading Sedation Clinic,Dentist,"Reading RG1 7YB, United Kingdom",+44 118 939 4666,Email Not Found,perfectsmile-dental.com
4,Markham Associates Dental Surgeons,Dental clinic,"161 Oxford Rd, Reading RG1 7UY, United Kingdom",+44 118 957 4308,Email Not Found,markhamassociates.co.uk
5,U'R Smile Dental & Aesthetic Clinic,Dental clinic,"258 Kentwood Hill, Reading RG31 6DR, United Kingdom",+44 118 327 4355,Email Not Found,ursmile.co.uk
6,Puresmile Earley Dental Practice,Dental clinic,"370 Wokingham Rd, Earley, Reading RG6 7HT, United Kingdom",+44 118 966 9134,Email Not Found,puresmileearley.co.uk
7,Friar Street Dental Practice,Dental clinic,"15 Friar St, Reading RG1 1DB, United Kingdom",+44 118 957 3668,Email Not Found,friardental.com
8,Puresmile Reading Dental And Implants,Dental clinic,"Soane Point, 9-10 Market Place, Reading RG1 2EG, United Kingdom",+44 118 950 7229,Email Not Found,puresmilereading.co.uk
9,riverside dental centre,Kategori Not Found,Alamat Not Found,+44 7771 528166,Email Not Found,riversidedentalcentre.co.uk
10,Dentalcare Group Corporate Office,Kategori Not Found,"London St, Reading RG1 4PS, United Kingdom",+44 1753 740720,Email Not Found,dentalcaregroup.co.uk
11,Beech Lane Dental Care,Dentist,"35 Beech Ln, Earley, Berkshire, Reading RG6 5PT, United Kingdom",+44 118 987 2755,Email Not Found,beechlanedentalcare.co.uk
12,Mehdi Madani,Kategori Not Found,"39 London Rd, Reading RG1 5BL, United Kingdom",+44 118 959 0222,Email Not Found,mehdimadani.co.uk
13,Berkshire Dental Care,Kategori Not Found,"Berkshire, 8-10 High St, Reading RG10 9AE, United Kingdom",+44 844 387 9333,Email Not Found,Website Not Found
14,London Street,Shopping mall,"London St, Reading RG1 4PS, United Kingdom",+44 118 950 7229,Email Not Found,Website Not Found
15,Earley Dental Practice,Dental clinic,"268 Wokingham Rd, Reading RG6 1JS, United Kingdom",+44 118 926 1655,Email Not Found,earleydentist.co.uk
16,Kendrick View Dental Practice - Reading,Dentist,"Kendrick View Dental Practice, 39 London Rd, Reading RG1 5BL, United Kingdom",+44 118 959 0222,Email Not Found,kendrickdental.co.uk
17,Wood Lane Dentistry,Dental clinic,"Hall Cottage, 37 Wood Ln, Sonning Common, Reading RG4 9SJ, United Kingdom",+44 118 972 2626,Email Not Found,woodlanedentistry.co.uk
18,The Orthodontic Centre - Reading,Orthodontist,"27 Erleigh Rd, Reading RG1 5LU, United Kingdom",+44 118 966 4511,Email Not Found,the-orthodontic-centre.co.uk
19,Natural White | Teeth Whitening & Veneers,Cosmetic dentist,"19 Prospect St, Caversham, Reading RG4 8JB, United Kingdom",+44 118 947 2517,Email Not Found,naturalwhite.co.uk
20,Reading Smiles,Dental clinic,"6 Broad St, Reading RG1 2BH, United Kingdom",+44 118 957 6600,Email Not Found,reading-smiles.co.uk
